clump_id,7m_loc,12m_loc,tp_loc,loc,tp_sub_loc,pipeline_run
C1,group.uid___A001_X2df7_X7ad/member.uid___A001_X2df7_X7b0/,group.uid___A001_X2df7_X7ad/member.uid___A001_X2df7_X7ae/,group.uid___A001_X2df7_X7ad/member.uid___A001_X2df7_X7b4/,science_goal.uid___A001_X2df7_X7ac/,member.uid___A001_X2df7_X7b4/,yes
C2,group.uid___A001_X2df7_X7ad/member.uid___A001_X2df7_X7b0/,group.uid___A001_X2df7_X7ad/member.uid___A001_X2df7_X7ae/,group.uid___A001_X2df7_X7ad/member.uid___A001_X2df7_X7b6/,science_goal.uid___A001_X2df7_X7ac/,member.uid___A001_X2df7_X7b6/,yes(check)
C3,group.uid___A001_X2df7_X7ad/member.uid___A001_X2df7_X7b0/,group.uid___A001_X2df7_X7ad/member.uid___A001_X2df7_X7ae/,group.uid___A001_X2df7_X7ad/member.uid___A001_X2df7_X7b4/,science_goal.uid___A001_X2df7_X7ac/,member.uid___A001_X2df7_X7b4/,yes(check)
C4,group.uid___A001_X2df7_X7ad/member.uid___A001_X2df7_X7b0/,group.uid___A001_X2df7_X7ad/member.uid___A001_X2df7_X7ae/,group.uid___A001_X2df7_X7ad/member.uid___A001_X2df7_X7b6/,science_goal.uid___A001_X2df7_X7ac/,member.uid___A001_X2df7_X7b6/,yes(check)
C5,group.uid___A001_X2df7_X7ad/member.uid___A001_X2df7_X7b0/,group.uid___A001_X2df7_X7ad/member.uid___A001_X2df7_X7ae/,group.uid___A001_X2df7_X7ad/member.uid___A001_X2df7_X7b4/,science_goal.uid___A001_X2df7_X7ac/,member.uid___A001_X2df7_X7b4/,yes
C6,group.uid___A001_X2df7_X7ad/member.uid___A001_X2df7_X7b0/,group.uid___A001_X2df7_X7ad/member.uid___A001_X2df7_X7ae/,group.uid___A001_X2df7_X7ad/member.uid___A001_X2df7_X7b2/,science_goal.uid___A001_X2df7_X7ac/,member.uid___A001_X2df7_X7b2/,yes
C7,group.uid___A001_X2df7_X7ad/member.uid___A001_X2df7_X7b0/,group.uid___A001_X2df7_X7ad/member.uid___A001_X2df7_X7ae/,group.uid___A001_X2df7_X7ad/member.uid___A001_X2df7_X7b6/,science_goal.uid___A001_X2df7_X7ac/,member.uid___A001_X2df7_X7b6/,7m_N2H_ERR
C8,group.uid___A001_X2df7_X7ad/member.uid___A001_X2df7_X7b0/,group.uid___A001_X2df7_X7ad/member.uid___A001_X2df7_X7ae/,group.uid___A001_X2df7_X7ad/member.uid___A001_X2df7_X7b6/,science_goal.uid___A001_X2df7_X7ac/,member.uid___A001_X2df7_X7b6/,yes
C9,group.uid___A001_X2df7_X7ad/member.uid___A001_X2df7_X7b0/,group.uid___A001_X2df7_X7ad/member.uid___A001_X2df7_X7ae/,group.uid___A001_X2df7_X7ad/member.uid___A001_X2df7_X7b4/,science_goal.uid___A001_X2df7_X7ac/,member.uid___A001_X2df7_X7b4/,yes
C10,group.uid___A001_X2df7_X7ad/member.uid___A001_X2df7_X7b0/,group.uid___A001_X2df7_X7ad/member.uid___A001_X2df7_X7ae/,group.uid___A001_X2df7_X7ad/member.uid___A001_X2df7_X7b4/,science_goal.uid___A001_X2df7_X7ac/,member.uid___A001_X2df7_X7b4/,yes
C11,group.uid___A001_X2df7_X7ad/member.uid___A001_X2df7_X7b0/,group.uid___A001_X2df7_X7ad/member.uid___A001_X2df7_X7ae/,group.uid___A001_X2df7_X7ad/member.uid___A001_X2df7_X7b2/,science_goal.uid___A001_X2df7_X7ac/,member.uid___A001_X2df7_X7b2/,yes
C12,group.uid___A001_X2df7_X7ad/member.uid___A001_X2df7_X7b0/,group.uid___A001_X2df7_X7ad/member.uid___A001_X2df7_X7ae/,group.uid___A001_X2df7_X7ad/member.uid___A001_X2df7_X7b2/,science_goal.uid___A001_X2df7_X7ac/,member.uid___A001_X2df7_X7b2/,yes
C13,group.uid___A001_X2df7_X7ad/member.uid___A001_X2df7_X7b0/,group.uid___A001_X2df7_X7ad/member.uid___A001_X2df7_X7ae/,group.uid___A001_X2df7_X7ad/member.uid___A001_X2df7_X7b6/,science_goal.uid___A001_X2df7_X7ac/,member.uid___A001_X2df7_X7b6/,yes
C14,group.uid___A001_X2df7_X7ad/member.uid___A001_X2df7_X7b0/,group.uid___A001_X2df7_X7ad/member.uid___A001_X2df7_X7ae/,group.uid___A001_X2df7_X7ad/member.uid___A001_X2df7_X7b4/,science_goal.uid___A001_X2df7_X7ac/,member.uid___A001_X2df7_X7b4/,yes
C15,group.uid___A001_X2df7_X7ad/member.uid___A001_X2df7_X7b0/,group.uid___A001_X2df7_X7ad/member.uid___A001_X2df7_X7ae/,group.uid___A001_X2df7_X7ad/member.uid___A001_X2df7_X7b2/,science_goal.uid___A001_X2df7_X7ac/,member.uid___A001_X2df7_X7b2/,yes
C16,group.uid___A001_X2df7_X7ad/member.uid___A001_X2df7_X7b0/,group.uid___A001_X2df7_X7ad/member.uid___A001_X2df7_X7ae/,group.uid___A001_X2df7_X7ad/member.uid___A001_X2df7_X7b2/,science_goal.uid___A001_X2df7_X7ac/,member.uid___A001_X2df7_X7b2/,yes
C17,group.uid___A001_X2df7_X7b9/member.uid___A001_X2df7_X7bc/,group.uid___A001_X2df7_X7b9/member.uid___A001_X2df7_X7ba/,group.uid___A001_X2df7_X7b9/member.uid___A001_X2df7_X7c0/,science_goal.uid___A001_X2df7_X7b8/,member.uid___A001_X2df7_X7c0/,yes
C18,group.uid___A001_X2df7_X7b9/member.uid___A001_X2df7_X7bc/,group.uid___A001_X2df7_X7b9/member.uid___A001_X2df7_X7ba/,group.uid___A001_X2df7_X7b9/member.uid___A001_X2df7_X7be/,science_goal.uid___A001_X2df7_X7b8/,member.uid___A001_X2df7_X7be/,yes
C19,group.uid___A001_X2df7_X7b9/member.uid___A001_X2df7_X7bc/,group.uid___A001_X2df7_X7b9/member.uid___A001_X2df7_X7ba/,group.uid___A001_X2df7_X7b9/member.uid___A001_X2df7_X7c0/,science_goal.uid___A001_X2df7_X7b8/,member.uid___A001_X2df7_X7c0/,
C20,group.uid___A001_X2df7_X7b9/member.uid___A001_X2df7_X7bc/,group.uid___A001_X2df7_X7b9/member.uid___A001_X2df7_X7ba/,group.uid___A001_X2df7_X7b9/member.uid___A001_X2df7_X7be/,science_goal.uid___A001_X2df7_X7b8/,member.uid___A001_X2df7_X7be/,
C21,group.uid___A001_X2df7_X7b9/member.uid___A001_X2df7_X7bc/,group.uid___A001_X2df7_X7b9/member.uid___A001_X2df7_X7ba/,group.uid___A001_X2df7_X7b9/member.uid___A001_X2df7_X7be/,science_goal.uid___A001_X2df7_X7b8/,member.uid___A001_X2df7_X7be/,
C22,group.uid___A001_X2df7_X7b9/member.uid___A001_X2df7_X7bc/,group.uid___A001_X2df7_X7b9/member.uid___A001_X2df7_X7ba/,group.uid___A001_X2df7_X7b9/member.uid___A001_X2df7_X7be/,science_goal.uid___A001_X2df7_X7b8/,member.uid___A001_X2df7_X7be/,
C23,group.uid___A001_X2df7_X7b9/member.uid___A001_X2df7_X7bc/,group.uid___A001_X2df7_X7b9/member.uid___A001_X2df7_X7ba/,group.uid___A001_X2df7_X7b9/member.uid___A001_X2df7_X7c0/,science_goal.uid___A001_X2df7_X7b8/,member.uid___A001_X2df7_X7c0/,
C24,group.uid___A001_X2df7_X7b9/member.uid___A001_X2df7_X7bc/,group.uid___A001_X2df7_X7b9/member.uid___A001_X2df7_X7ba/,group.uid___A001_X2df7_X7b9/member.uid___A001_X2df7_X7be/,science_goal.uid___A001_X2df7_X7b8/,member.uid___A001_X2df7_X7be/,
C25,group.uid___A001_X2df7_X7b9/member.uid___A001_X2df7_X7bc/,group.uid___A001_X2df7_X7b9/member.uid___A001_X2df7_X7ba/,group.uid___A001_X2df7_X7b9/member.uid___A001_X2df7_X7be/,science_goal.uid___A001_X2df7_X7b8/,member.uid___A001_X2df7_X7be/,
C26,group.uid___A001_X2df7_X7b9/member.uid___A001_X2df7_X7bc/,group.uid___A001_X2df7_X7b9/member.uid___A001_X2df7_X7ba/,group.uid___A001_X2df7_X7b9/member.uid___A001_X2df7_X7c0/,science_goal.uid___A001_X2df7_X7b8/,member.uid___A001_X2df7_X7c0/,
C27,group.uid___A001_X2df7_X7b9/member.uid___A001_X2df7_X7bc/,group.uid___A001_X2df7_X7b9/member.uid___A001_X2df7_X7ba/,group.uid___A001_X2df7_X7b9/member.uid___A001_X2df7_X7c0/,science_goal.uid___A001_X2df7_X7b8/,member.uid___A001_X2df7_X7c0/,
C28,group.uid___A001_X2df7_X7c3/member.uid___A001_X2df7_X7c6/,group.uid___A001_X2df7_X7c3/member.uid___A001_X2df7_X7c4/,group.uid___A001_X2df7_X7c3/member.uid___A001_X2df7_X7c8/,science_goal.uid___A001_X2df7_X7c2/,member.uid___A001_X2df7_X7c8/,
C29,group.uid___A001_X2df7_X7c3/member.uid___A001_X2df7_X7c6/,group.uid___A001_X2df7_X7c3/member.uid___A001_X2df7_X7c4/,group.uid___A001_X2df7_X7c3/member.uid___A001_X2df7_X7c8/,science_goal.uid___A001_X2df7_X7c2/,member.uid___A001_X2df7_X7c8/,
C30,group.uid___A001_X2df7_X7c3/member.uid___A001_X2df7_X7c6/,group.uid___A001_X2df7_X7c3/member.uid___A001_X2df7_X7c4/,group.uid___A001_X2df7_X7c3/member.uid___A001_X2df7_X7ca/,science_goal.uid___A001_X2df7_X7c2/,member.uid___A001_X2df7_X7ca/,
C31,group.uid___A001_X2df7_X7c3/member.uid___A001_X2df7_X7c6/,group.uid___A001_X2df7_X7c3/member.uid___A001_X2df7_X7c4/,group.uid___A001_X2df7_X7c3/member.uid___A001_X2df7_X7cc/,science_goal.uid___A001_X2df7_X7c2/,member.uid___A001_X2df7_X7cc/,
C32,group.uid___A001_X2df7_X7c3/member.uid___A001_X2df7_X7c6/,group.uid___A001_X2df7_X7c3/member.uid___A001_X2df7_X7c4/,group.uid___A001_X2df7_X7c3/member.uid___A001_X2df7_X7ca/,science_goal.uid___A001_X2df7_X7c2/,member.uid___A001_X2df7_X7ca/,
C33,group.uid___A001_X2df7_X7c3/member.uid___A001_X2df7_X7c6/,group.uid___A001_X2df7_X7c3/member.uid___A001_X2df7_X7c4/,group.uid___A001_X2df7_X7c3/member.uid___A001_X2df7_X7c8/,science_goal.uid___A001_X2df7_X7c2/,member.uid___A001_X2df7_X7c8/,
C34,group.uid___A001_X2df7_X7c3/member.uid___A001_X2df7_X7c6/,group.uid___A001_X2df7_X7c3/member.uid___A001_X2df7_X7c4/,group.uid___A001_X2df7_X7c3/member.uid___A001_X2df7_X7ca/,science_goal.uid___A001_X2df7_X7c2/,member.uid___A001_X2df7_X7ca/,
C35,group.uid___A001_X2df7_X7c3/member.uid___A001_X2df7_X7c6/,group.uid___A001_X2df7_X7c3/member.uid___A001_X2df7_X7c4/,group.uid___A001_X2df7_X7c3/member.uid___A001_X2df7_X7cc/,science_goal.uid___A001_X2df7_X7c2/,member.uid___A001_X2df7_X7cc/,
C36,group.uid___A001_X2df7_X7c3/member.uid___A001_X2df7_X7c6/,group.uid___A001_X2df7_X7c3/member.uid___A001_X2df7_X7c4/,group.uid___A001_X2df7_X7c3/member.uid___A001_X2df7_X7cc/,science_goal.uid___A001_X2df7_X7c2/,member.uid___A001_X2df7_X7cc/,
C37,group.uid___A001_X2df7_X7c3/member.uid___A001_X2df7_X7c6/,group.uid___A001_X2df7_X7c3/member.uid___A001_X2df7_X7c4/,group.uid___A001_X2df7_X7c3/member.uid___A001_X2df7_X7ca/,science_goal.uid___A001_X2df7_X7c2/,member.uid___A001_X2df7_X7ca/,
C38,group.uid___A001_X2df7_X7c3/member.uid___A001_X2df7_X7c6/,group.uid___A001_X2df7_X7c3/member.uid___A001_X2df7_X7c4/,group.uid___A001_X2df7_X7c3/member.uid___A001_X2df7_X7c8/,science_goal.uid___A001_X2df7_X7c2/,member.uid___A001_X2df7_X7c8/,
C39,group.uid___A001_X2df7_X7c3/member.uid___A001_X2df7_X7c6/,group.uid___A001_X2df7_X7c3/member.uid___A001_X2df7_X7c4/,group.uid___A001_X2df7_X7c3/member.uid___A001_X2df7_X7cc/,science_goal.uid___A001_X2df7_X7c2/,member.uid___A001_X2df7_X7cc/,
C40,group.uid___A001_X2df7_X7c3/member.uid___A001_X2df7_X7c6/,group.uid___A001_X2df7_X7c3/member.uid___A001_X2df7_X7c4/,group.uid___A001_X2df7_X7c3/member.uid___A001_X2df7_X7ca/,science_goal.uid___A001_X2df7_X7c2/,member.uid___A001_X2df7_X7ca/,
C41,group.uid___A001_X2df7_X7c3/member.uid___A001_X2df7_X7c6/,group.uid___A001_X2df7_X7c3/member.uid___A001_X2df7_X7c4/,group.uid___A001_X2df7_X7c3/member.uid___A001_X2df7_X7c8/,science_goal.uid___A001_X2df7_X7c2/,member.uid___A001_X2df7_X7c8/,
C42,group.uid___A001_X2df7_X7c3/member.uid___A001_X2df7_X7c6/,group.uid___A001_X2df7_X7c3/member.uid___A001_X2df7_X7c4/,group.uid___A001_X2df7_X7c3/member.uid___A001_X2df7_X7ca/,science_goal.uid___A001_X2df7_X7c2/,member.uid___A001_X2df7_X7ca/,
C43,group.uid___A001_X2df7_X7c3/member.uid___A001_X2df7_X7c6/,group.uid___A001_X2df7_X7c3/member.uid___A001_X2df7_X7c4/,group.uid___A001_X2df7_X7c3/member.uid___A001_X2df7_X7cc/,science_goal.uid___A001_X2df7_X7c2/,member.uid___A001_X2df7_X7cc/,
C44,group.uid___A001_X2df7_X7cf/member.uid___A001_X2df7_X7d2/,group.uid___A001_X2df7_X7cf/member.uid___A001_X2df7_X7d0/,group.uid___A001_X2df7_X7cf/member.uid___A001_X2df7_X7d6/,science_goal.uid___A001_X2df7_X7ce/,member.uid___A001_X2df7_X7d6/,
C45,group.uid___A001_X2df7_X7cf/member.uid___A001_X2df7_X7d2/,group.uid___A001_X2df7_X7cf/member.uid___A001_X2df7_X7d0/,group.uid___A001_X2df7_X7cf/member.uid___A001_X2df7_X7d4/,science_goal.uid___A001_X2df7_X7ce/,member.uid___A001_X2df7_X7d4/,
C46,group.uid___A001_X2df7_X7cf/member.uid___A001_X2df7_X7d2/,group.uid___A001_X2df7_X7cf/member.uid___A001_X2df7_X7d0/,group.uid___A001_X2df7_X7cf/member.uid___A001_X2df7_X7d8/,science_goal.uid___A001_X2df7_X7ce/,member.uid___A001_X2df7_X7d8/,
C47,group.uid___A001_X2df7_X7cf/member.uid___A001_X2df7_X7d2/,group.uid___A001_X2df7_X7cf/member.uid___A001_X2df7_X7d0/,group.uid___A001_X2df7_X7cf/member.uid___A001_X2df7_X7d6/,science_goal.uid___A001_X2df7_X7ce/,member.uid___A001_X2df7_X7d6/,
C48,group.uid___A001_X2df7_X7cf/member.uid___A001_X2df7_X7d2/,group.uid___A001_X2df7_X7cf/member.uid___A001_X2df7_X7d0/,group.uid___A001_X2df7_X7cf/member.uid___A001_X2df7_X7d4/,science_goal.uid___A001_X2df7_X7ce/,member.uid___A001_X2df7_X7d4/,
C49,group.uid___A001_X2df7_X7cf/member.uid___A001_X2df7_X7d2/,group.uid___A001_X2df7_X7cf/member.uid___A001_X2df7_X7d0/,group.uid___A001_X2df7_X7cf/member.uid___A001_X2df7_X7d8/,science_goal.uid___A001_X2df7_X7ce/,member.uid___A001_X2df7_X7d8/,
C50,group.uid___A001_X2df7_X7cf/member.uid___A001_X2df7_X7d2/,group.uid___A001_X2df7_X7cf/member.uid___A001_X2df7_X7d0/,group.uid___A001_X2df7_X7cf/member.uid___A001_X2df7_X7d8/,science_goal.uid___A001_X2df7_X7ce/,member.uid___A001_X2df7_X7d8/,
C51,group.uid___A001_X2df7_X7cf/member.uid___A001_X2df7_X7d2/,group.uid___A001_X2df7_X7cf/member.uid___A001_X2df7_X7d0/,group.uid___A001_X2df7_X7cf/member.uid___A001_X2df7_X7d6/,science_goal.uid___A001_X2df7_X7ce/,member.uid___A001_X2df7_X7d6/,
C52,group.uid___A001_X2df7_X7cf/member.uid___A001_X2df7_X7d2/,group.uid___A001_X2df7_X7cf/member.uid___A001_X2df7_X7d0/,group.uid___A001_X2df7_X7cf/member.uid___A001_X2df7_X7d4/,science_goal.uid___A001_X2df7_X7ce/,member.uid___A001_X2df7_X7d4/,yes
C53,group.uid___A001_X2df7_X7cf/member.uid___A001_X2df7_X7d2/,group.uid___A001_X2df7_X7cf/member.uid___A001_X2df7_X7d0/,group.uid___A001_X2df7_X7cf/member.uid___A001_X2df7_X7d6/,science_goal.uid___A001_X2df7_X7ce/,member.uid___A001_X2df7_X7d6/,
C54,group.uid___A001_X2df7_X7cf/member.uid___A001_X2df7_X7d2/,group.uid___A001_X2df7_X7cf/member.uid___A001_X2df7_X7d0/,group.uid___A001_X2df7_X7cf/member.uid___A001_X2df7_X7d6/,science_goal.uid___A001_X2df7_X7ce/,member.uid___A001_X2df7_X7d6/,
C55,group.uid___A001_X2df7_X7cf/member.uid___A001_X2df7_X7d2/,group.uid___A001_X2df7_X7cf/member.uid___A001_X2df7_X7d0/,group.uid___A001_X2df7_X7cf/member.uid___A001_X2df7_X7d8/,science_goal.uid___A001_X2df7_X7ce/,member.uid___A001_X2df7_X7d8/,
C56,group.uid___A001_X2df7_X7cf/member.uid___A001_X2df7_X7d2/,group.uid___A001_X2df7_X7cf/member.uid___A001_X2df7_X7d0/,group.uid___A001_X2df7_X7cf/member.uid___A001_X2df7_X7d6/,science_goal.uid___A001_X2df7_X7ce/,member.uid___A001_X2df7_X7d6/,
C57,group.uid___A001_X2df7_X7cf/member.uid___A001_X2df7_X7d2/,group.uid___A001_X2df7_X7cf/member.uid___A001_X2df7_X7d0/,group.uid___A001_X2df7_X7cf/member.uid___A001_X2df7_X7d8/,science_goal.uid___A001_X2df7_X7ce/,member.uid___A001_X2df7_X7d8/,
C58,group.uid___A001_X2df7_X7cf/member.uid___A001_X2df7_X7d2/,group.uid___A001_X2df7_X7cf/member.uid___A001_X2df7_X7d0/,group.uid___A001_X2df7_X7cf/member.uid___A001_X2df7_X7d4/,science_goal.uid___A001_X2df7_X7ce/,member.uid___A001_X2df7_X7d4/,
C59,group.uid___A001_X2df7_X7cf/member.uid___A001_X2df7_X7d2/,group.uid___A001_X2df7_X7cf/member.uid___A001_X2df7_X7d0/,group.uid___A001_X2df7_X7cf/member.uid___A001_X2df7_X7d4/,science_goal.uid___A001_X2df7_X7ce/,member.uid___A001_X2df7_X7d4/,
C60,group.uid___A001_X2df7_X7db/member.uid___A001_X2df7_X7de/,group.uid___A001_X2df7_X7db/member.uid___A001_X2df7_X7dc/,group.uid___A001_X2df7_X7db/member.uid___A001_X2df7_X7e0/,science_goal.uid___A001_X2df7_X7da/,member.uid___A001_X2df7_X7e0/,
C61,group.uid___A001_X2df7_X7db/member.uid___A001_X2df7_X7de/,group.uid___A001_X2df7_X7db/member.uid___A001_X2df7_X7dc/,group.uid___A001_X2df7_X7db/member.uid___A001_X2df7_X7e0/,science_goal.uid___A001_X2df7_X7da/,member.uid___A001_X2df7_X7e0/,
C62,group.uid___A001_X2df7_X7db/member.uid___A001_X2df7_X7de/,group.uid___A001_X2df7_X7db/member.uid___A001_X2df7_X7dc/,group.uid___A001_X2df7_X7db/member.uid___A001_X2df7_X7e0/,science_goal.uid___A001_X2df7_X7da/,member.uid___A001_X2df7_X7e0/,
C63,group.uid___A001_X2df7_X7db/member.uid___A001_X2df7_X7de/,group.uid___A001_X2df7_X7db/member.uid___A001_X2df7_X7dc/,group.uid___A001_X2df7_X7db/member.uid___A001_X2df7_X7e2/,science_goal.uid___A001_X2df7_X7da/,member.uid___A001_X2df7_X7e2/,
C64,group.uid___A001_X2df7_X7db/member.uid___A001_X2df7_X7de/,group.uid___A001_X2df7_X7db/member.uid___A001_X2df7_X7dc/,group.uid___A001_X2df7_X7db/member.uid___A001_X2df7_X7e4/,science_goal.uid___A001_X2df7_X7da/,member.uid___A001_X2df7_X7e4/,
C65,group.uid___A001_X2df7_X7db/member.uid___A001_X2df7_X7de/,group.uid___A001_X2df7_X7db/member.uid___A001_X2df7_X7dc/,group.uid___A001_X2df7_X7db/member.uid___A001_X2df7_X7e2/,science_goal.uid___A001_X2df7_X7da/,member.uid___A001_X2df7_X7e2/,
C66,group.uid___A001_X2df7_X7db/member.uid___A001_X2df7_X7de/,group.uid___A001_X2df7_X7db/member.uid___A001_X2df7_X7dc/,group.uid___A001_X2df7_X7db/member.uid___A001_X2df7_X7e2/,science_goal.uid___A001_X2df7_X7da/,member.uid___A001_X2df7_X7e2/,
C67,group.uid___A001_X2df7_X7db/member.uid___A001_X2df7_X7de/,group.uid___A001_X2df7_X7db/member.uid___A001_X2df7_X7dc/,group.uid___A001_X2df7_X7db/member.uid___A001_X2df7_X7e4/,science_goal.uid___A001_X2df7_X7da/,member.uid___A001_X2df7_X7e4/,
C68,group.uid___A001_X2df7_X7db/member.uid___A001_X2df7_X7de/,group.uid___A001_X2df7_X7db/member.uid___A001_X2df7_X7dc/,group.uid___A001_X2df7_X7db/member.uid___A001_X2df7_X7e2/,science_goal.uid___A001_X2df7_X7da/,member.uid___A001_X2df7_X7e2/,yes
C69,group.uid___A001_X2df7_X7db/member.uid___A001_X2df7_X7de/,group.uid___A001_X2df7_X7db/member.uid___A001_X2df7_X7dc/,group.uid___A001_X2df7_X7db/member.uid___A001_X2df7_X7e4/,science_goal.uid___A001_X2df7_X7da/,member.uid___A001_X2df7_X7e4/,
C70,group.uid___A001_X2df7_X7db/member.uid___A001_X2df7_X7de/,group.uid___A001_X2df7_X7db/member.uid___A001_X2df7_X7dc/,group.uid___A001_X2df7_X7db/member.uid___A001_X2df7_X7e4/,science_goal.uid___A001_X2df7_X7da/,member.uid___A001_X2df7_X7e4/,
C71,group.uid___A001_X2df7_X7db/member.uid___A001_X2df7_X7de/,group.uid___A001_X2df7_X7db/member.uid___A001_X2df7_X7dc/,group.uid___A001_X2df7_X7db/member.uid___A001_X2df7_X7e0/,science_goal.uid___A001_X2df7_X7da/,member.uid___A001_X2df7_X7e0/,
C72,group.uid___A001_X2df7_X7db/member.uid___A001_X2df7_X7de/,group.uid___A001_X2df7_X7db/member.uid___A001_X2df7_X7dc/,group.uid___A001_X2df7_X7db/member.uid___A001_X2df7_X7e2/,science_goal.uid___A001_X2df7_X7da/,member.uid___A001_X2df7_X7e2/,yes
C73,group.uid___A001_X2df7_X7db/member.uid___A001_X2df7_X7de/,group.uid___A001_X2df7_X7db/member.uid___A001_X2df7_X7dc/,group.uid___A001_X2df7_X7db/member.uid___A001_X2df7_X7e0/,science_goal.uid___A001_X2df7_X7da/,member.uid___A001_X2df7_X7e0/,
C74,group.uid___A001_X2df7_X7db/member.uid___A001_X2df7_X7de/,group.uid___A001_X2df7_X7db/member.uid___A001_X2df7_X7dc/,group.uid___A001_X2df7_X7db/member.uid___A001_X2df7_X7e4/,science_goal.uid___A001_X2df7_X7da/,member.uid___A001_X2df7_X7e4/,
C75,group.uid___A001_X2df7_X7e7/member.uid___A001_X2df7_X7ea/,group.uid___A001_X2df7_X7e7/member.uid___A001_X2df7_X7e8/,group.uid___A001_X2df7_X7e7/member.uid___A001_X2df7_X7ec/,science_goal.uid___A001_X2df7_X7e6/,member.uid___A001_X2df7_X7ec/,
C76,group.uid___A001_X2df7_X7e7/member.uid___A001_X2df7_X7ea/,group.uid___A001_X2df7_X7e7/member.uid___A001_X2df7_X7e8/,group.uid___A001_X2df7_X7e7/member.uid___A001_X2df7_X7ee/,science_goal.uid___A001_X2df7_X7e6/,member.uid___A001_X2df7_X7ee/,
C77,group.uid___A001_X2df7_X7e7/member.uid___A001_X2df7_X7ea/,group.uid___A001_X2df7_X7e7/member.uid___A001_X2df7_X7e8/,group.uid___A001_X2df7_X7e7/member.uid___A001_X2df7_X7ee/,science_goal.uid___A001_X2df7_X7e6/,member.uid___A001_X2df7_X7ee/,
C78,group.uid___A001_X2df7_X7e7/member.uid___A001_X2df7_X7ea/,group.uid___A001_X2df7_X7e7/member.uid___A001_X2df7_X7e8/,group.uid___A001_X2df7_X7e7/member.uid___A001_X2df7_X7ec/,science_goal.uid___A001_X2df7_X7e6/,member.uid___A001_X2df7_X7ec/,
C79,group.uid___A001_X2df7_X7e7/member.uid___A001_X2df7_X7ea/,group.uid___A001_X2df7_X7e7/member.uid___A001_X2df7_X7e8/,group.uid___A001_X2df7_X7e7/member.uid___A001_X2df7_X7ec/,science_goal.uid___A001_X2df7_X7e6/,member.uid___A001_X2df7_X7ec/,
C80,group.uid___A001_X2df7_X7e7/member.uid___A001_X2df7_X7ea/,group.uid___A001_X2df7_X7e7/member.uid___A001_X2df7_X7e8/,group.uid___A001_X2df7_X7e7/member.uid___A001_X2df7_X7ec/,science_goal.uid___A001_X2df7_X7e6/,member.uid___A001_X2df7_X7ec/,
C81,group.uid___A001_X2df7_X7e7/member.uid___A001_X2df7_X7ea/,group.uid___A001_X2df7_X7e7/member.uid___A001_X2df7_X7e8/,group.uid___A001_X2df7_X7e7/member.uid___A001_X2df7_X7ec/,science_goal.uid___A001_X2df7_X7e6/,member.uid___A001_X2df7_X7ec/,
C82,group.uid___A001_X2df7_X7e7/member.uid___A001_X2df7_X7ea/,group.uid___A001_X2df7_X7e7/member.uid___A001_X2df7_X7e8/,group.uid___A001_X2df7_X7e7/member.uid___A001_X2df7_X7ee/,science_goal.uid___A001_X2df7_X7e6/,member.uid___A001_X2df7_X7ee/,
C83,group.uid___A001_X2df7_X7e7/member.uid___A001_X2df7_X7ea/,group.uid___A001_X2df7_X7e7/member.uid___A001_X2df7_X7e8/,group.uid___A001_X2df7_X7e7/member.uid___A001_X2df7_X7ec/,science_goal.uid___A001_X2df7_X7e6/,member.uid___A001_X2df7_X7ec/,
C84,group.uid___A001_X2df7_X7e7/member.uid___A001_X2df7_X7ea/,group.uid___A001_X2df7_X7e7/member.uid___A001_X2df7_X7e8/,group.uid___A001_X2df7_X7e7/member.uid___A001_X2df7_X7ec/,science_goal.uid___A001_X2df7_X7e6/,member.uid___A001_X2df7_X7ec/,
C85,group.uid___A001_X2df7_X7e7/member.uid___A001_X2df7_X7ea/,group.uid___A001_X2df7_X7e7/member.uid___A001_X2df7_X7e8/,group.uid___A001_X2df7_X7e7/member.uid___A001_X2df7_X7ee/,science_goal.uid___A001_X2df7_X7e6/,member.uid___A001_X2df7_X7ee/,
C86,group.uid___A001_X2df7_X7e7/member.uid___A001_X2df7_X7ea/,group.uid___A001_X2df7_X7e7/member.uid___A001_X2df7_X7e8/,group.uid___A001_X2df7_X7e7/member.uid___A001_X2df7_X7ee/,science_goal.uid___A001_X2df7_X7e6/,member.uid___A001_X2df7_X7ee/,
C87,group.uid___A001_X2df7_X7e7/member.uid___A001_X2df7_X7ea/,group.uid___A001_X2df7_X7e7/member.uid___A001_X2df7_X7e8/,group.uid___A001_X2df7_X7e7/member.uid___A001_X2df7_X7ee/,science_goal.uid___A001_X2df7_X7e6/,member.uid___A001_X2df7_X7ee/,yes
C88,group.uid___A001_X2df7_X7f1/member.uid___A001_X2df7_X7f4/,group.uid___A001_X2df7_X7f1/member.uid___A001_X2df7_X7f2/,group.uid___A001_X2df7_X7f1/member.uid___A001_X2df7_X7f8/,science_goal.uid___A001_X2df7_X7f0/,member.uid___A001_X2df7_X7f8/,yes
C89,group.uid___A001_X2df7_X7f1/member.uid___A001_X2df7_X7f4/,group.uid___A001_X2df7_X7f1/member.uid___A001_X2df7_X7f2/,group.uid___A001_X2df7_X7f1/member.uid___A001_X2df7_X7f6/,science_goal.uid___A001_X2df7_X7f0/,member.uid___A001_X2df7_X7f6/,
C90,group.uid___A001_X2df7_X7f1/member.uid___A001_X2df7_X7f4/,group.uid___A001_X2df7_X7f1/member.uid___A001_X2df7_X7f2/,group.uid___A001_X2df7_X7f1/member.uid___A001_X2df7_X7f6/,science_goal.uid___A001_X2df7_X7f0/,member.uid___A001_X2df7_X7f6/,
C91,group.uid___A001_X2df7_X7f1/member.uid___A001_X2df7_X7f4/,group.uid___A001_X2df7_X7f1/member.uid___A001_X2df7_X7f2/,group.uid___A001_X2df7_X7f1/member.uid___A001_X2df7_X7f8/,science_goal.uid___A001_X2df7_X7f0/,member.uid___A001_X2df7_X7f8/,yes
C92,group.uid___A001_X2df7_X7f1/member.uid___A001_X2df7_X7f4/,group.uid___A001_X2df7_X7f1/member.uid___A001_X2df7_X7f2/,group.uid___A001_X2df7_X7f1/member.uid___A001_X2df7_X7f8/,science_goal.uid___A001_X2df7_X7f0/,member.uid___A001_X2df7_X7f8/,
C93,group.uid___A001_X2df7_X7f1/member.uid___A001_X2df7_X7f4/,group.uid___A001_X2df7_X7f1/member.uid___A001_X2df7_X7f2/,group.uid___A001_X2df7_X7f1/member.uid___A001_X2df7_X7f8/,science_goal.uid___A001_X2df7_X7f0/,member.uid___A001_X2df7_X7f8/,
C94,group.uid___A001_X2df7_X7f1/member.uid___A001_X2df7_X7f4/,group.uid___A001_X2df7_X7f1/member.uid___A001_X2df7_X7f2/,group.uid___A001_X2df7_X7f1/member.uid___A001_X2df7_X7f6/,science_goal.uid___A001_X2df7_X7f0/,member.uid___A001_X2df7_X7f6/,
C95,group.uid___A001_X2df7_X7f1/member.uid___A001_X2df7_X7f4/,group.uid___A001_X2df7_X7f1/member.uid___A001_X2df7_X7f2/,group.uid___A001_X2df7_X7f1/member.uid___A001_X2df7_X7f6/,science_goal.uid___A001_X2df7_X7f0/,member.uid___A001_X2df7_X7f6/,
C96,group.uid___A001_X2df7_X7f1/member.uid___A001_X2df7_X7f4/,group.uid___A001_X2df7_X7f1/member.uid___A001_X2df7_X7f2/,group.uid___A001_X2df7_X7f1/member.uid___A001_X2df7_X7f6/,science_goal.uid___A001_X2df7_X7f0/,member.uid___A001_X2df7_X7f6/,
C97,group.uid___A001_X2df7_X7f1/member.uid___A001_X2df7_X7f4/,group.uid___A001_X2df7_X7f1/member.uid___A001_X2df7_X7f2/,group.uid___A001_X2df7_X7f1/member.uid___A001_X2df7_X7f8/,science_goal.uid___A001_X2df7_X7f0/,member.uid___A001_X2df7_X7f8/,
C98,group.uid___A001_X2df7_X7f1/member.uid___A001_X2df7_X7f4/,group.uid___A001_X2df7_X7f1/member.uid___A001_X2df7_X7f2/,group.uid___A001_X2df7_X7f1/member.uid___A001_X2df7_X7f8/,science_goal.uid___A001_X2df7_X7f0/,member.uid___A001_X2df7_X7f8/,
C99,group.uid___A001_X2df7_X7f1/member.uid___A001_X2df7_X7f4/,group.uid___A001_X2df7_X7f1/member.uid___A001_X2df7_X7f2/,group.uid___A001_X2df7_X7f1/member.uid___A001_X2df7_X7f6/,science_goal.uid___A001_X2df7_X7f0/,member.uid___A001_X2df7_X7f6/,yes
C100,group.uid___A001_X2df7_X7fb/member.uid___A001_X2df7_X7fe/,group.uid___A001_X2df7_X7fb/member.uid___A001_X2df7_X7fc/,group.uid___A001_X2df7_X7fb/member.uid___A001_X2df7_X802/,science_goal.uid___A001_X2df7_X7fa/,member.uid___A001_X2df7_X802/,
C101,group.uid___A001_X2df7_X7fb/member.uid___A001_X2df7_X7fe/,group.uid___A001_X2df7_X7fb/member.uid___A001_X2df7_X7fc/,group.uid___A001_X2df7_X7fb/member.uid___A001_X2df7_X800/,science_goal.uid___A001_X2df7_X7fa/,member.uid___A001_X2df7_X800/,
C102,group.uid___A001_X2df7_X7fb/member.uid___A001_X2df7_X7fe/,group.uid___A001_X2df7_X7fb/member.uid___A001_X2df7_X7fc/,group.uid___A001_X2df7_X7fb/member.uid___A001_X2df7_X802/,science_goal.uid___A001_X2df7_X7fa/,member.uid___A001_X2df7_X802/,
C103,group.uid___A001_X2df7_X7fb/member.uid___A001_X2df7_X7fe/,group.uid___A001_X2df7_X7fb/member.uid___A001_X2df7_X7fc/,group.uid___A001_X2df7_X7fb/member.uid___A001_X2df7_X802/,science_goal.uid___A001_X2df7_X7fa/,member.uid___A001_X2df7_X802/,
C104,group.uid___A001_X2df7_X7fb/member.uid___A001_X2df7_X7fe/,group.uid___A001_X2df7_X7fb/member.uid___A001_X2df7_X7fc/,group.uid___A001_X2df7_X7fb/member.uid___A001_X2df7_X800/,science_goal.uid___A001_X2df7_X7fa/,member.uid___A001_X2df7_X800/,
C105,group.uid___A001_X2df7_X7fb/member.uid___A001_X2df7_X7fe/,group.uid___A001_X2df7_X7fb/member.uid___A001_X2df7_X7fc/,group.uid___A001_X2df7_X7fb/member.uid___A001_X2df7_X802/,science_goal.uid___A001_X2df7_X7fa/,member.uid___A001_X2df7_X802/,
C106,group.uid___A001_X2df7_X7fb/member.uid___A001_X2df7_X7fe/,group.uid___A001_X2df7_X7fb/member.uid___A001_X2df7_X7fc/,group.uid___A001_X2df7_X7fb/member.uid___A001_X2df7_X802/,science_goal.uid___A001_X2df7_X7fa/,member.uid___A001_X2df7_X802/,
C107,group.uid___A001_X2df7_X7fb/member.uid___A001_X2df7_X7fe/,group.uid___A001_X2df7_X7fb/member.uid___A001_X2df7_X7fc/,group.uid___A001_X2df7_X7fb/member.uid___A001_X2df7_X800/,science_goal.uid___A001_X2df7_X7fa/,member.uid___A001_X2df7_X800/,
C108,group.uid___A001_X2df7_X7fb/member.uid___A001_X2df7_X7fe/,group.uid___A001_X2df7_X7fb/member.uid___A001_X2df7_X7fc/,group.uid___A001_X2df7_X7fb/member.uid___A001_X2df7_X800/,science_goal.uid___A001_X2df7_X7fa/,member.uid___A001_X2df7_X800/,
C109,group.uid___A001_X2df7_X7fb/member.uid___A001_X2df7_X7fe/,group.uid___A001_X2df7_X7fb/member.uid___A001_X2df7_X7fc/,group.uid___A001_X2df7_X7fb/member.uid___A001_X2df7_X800/,science_goal.uid___A001_X2df7_X7fa/,member.uid___A001_X2df7_X800/,
C110,group.uid___A001_X2df7_X7fb/member.uid___A001_X2df7_X7fe/,group.uid___A001_X2df7_X7fb/member.uid___A001_X2df7_X7fc/,group.uid___A001_X2df7_X7fb/member.uid___A001_X2df7_X800/,science_goal.uid___A001_X2df7_X7fa/,member.uid___A001_X2df7_X800/,
C111,group.uid___A001_X35f5_X970/member.uid___A001_X35f5_X973/,group.uid___A001_X35f5_X970/member.uid___A001_X35f5_X971/,group.uid___A001_X35f5_X970/member.uid___A001_X35f5_X977/,science_goal.uid___A001_X35f5_X96f/,member.uid___A001_X35f5_X977/,
C112,group.uid___A001_X35f5_X970/member.uid___A001_X35f5_X973/,group.uid___A001_X35f5_X970/member.uid___A001_X35f5_X971/,group.uid___A001_X35f5_X970/member.uid___A001_X35f5_X975/,science_goal.uid___A001_X35f5_X96f/,member.uid___A001_X35f5_X975/,
C113,group.uid___A001_X35f5_X970/member.uid___A001_X35f5_X973/,group.uid___A001_X35f5_X970/member.uid___A001_X35f5_X971/,group.uid___A001_X35f5_X970/member.uid___A001_X35f5_X979/,science_goal.uid___A001_X35f5_X96f/,member.uid___A001_X35f5_X979/,
C114,group.uid___A001_X35f5_X970/member.uid___A001_X35f5_X973/,group.uid___A001_X35f5_X970/member.uid___A001_X35f5_X971/,group.uid___A001_X35f5_X970/member.uid___A001_X35f5_X975/,science_goal.uid___A001_X35f5_X96f/,member.uid___A001_X35f5_X975/,
C115,group.uid___A001_X35f5_X970/member.uid___A001_X35f5_X973/,group.uid___A001_X35f5_X970/member.uid___A001_X35f5_X971/,group.uid___A001_X35f5_X970/member.uid___A001_X35f5_X975/,science_goal.uid___A001_X35f5_X96f/,member.uid___A001_X35f5_X975/,
C116,group.uid___A001_X35f5_X970/member.uid___A001_X35f5_X973/,group.uid___A001_X35f5_X970/member.uid___A001_X35f5_X971/,group.uid___A001_X35f5_X970/member.uid___A001_X35f5_X977/,science_goal.uid___A001_X35f5_X96f/,member.uid___A001_X35f5_X977/,
C117,group.uid___A001_X35f5_X970/member.uid___A001_X35f5_X973/,group.uid___A001_X35f5_X970/member.uid___A001_X35f5_X971/,group.uid___A001_X35f5_X970/member.uid___A001_X35f5_X979/,science_goal.uid___A001_X35f5_X96f/,member.uid___A001_X35f5_X979/,
C118,group.uid___A001_X35f5_X970/member.uid___A001_X35f5_X973/,group.uid___A001_X35f5_X970/member.uid___A001_X35f5_X971/,group.uid___A001_X35f5_X970/member.uid___A001_X35f5_X975/,science_goal.uid___A001_X35f5_X96f/,member.uid___A001_X35f5_X975/,
C119,group.uid___A001_X35f5_X970/member.uid___A001_X35f5_X973/,group.uid___A001_X35f5_X970/member.uid___A001_X35f5_X971/,group.uid___A001_X35f5_X970/member.uid___A001_X35f5_X977/,science_goal.uid___A001_X35f5_X96f/,member.uid___A001_X35f5_X977/,
C120,group.uid___A001_X35f5_X970/member.uid___A001_X35f5_X973/,group.uid___A001_X35f5_X970/member.uid___A001_X35f5_X971/,group.uid___A001_X35f5_X970/member.uid___A001_X35f5_X977/,science_goal.uid___A001_X35f5_X96f/,member.uid___A001_X35f5_X977/,
C121,group.uid___A001_X35f5_X970/member.uid___A001_X35f5_X973/,group.uid___A001_X35f5_X970/member.uid___A001_X35f5_X971/,group.uid___A001_X35f5_X970/member.uid___A001_X35f5_X979/,science_goal.uid___A001_X35f5_X96f/,member.uid___A001_X35f5_X979/,
C122,group.uid___A001_X35f5_X970/member.uid___A001_X35f5_X973/,group.uid___A001_X35f5_X970/member.uid___A001_X35f5_X971/,group.uid___A001_X35f5_X970/member.uid___A001_X35f5_X975/,science_goal.uid___A001_X35f5_X96f/,member.uid___A001_X35f5_X975/,
C123,group.uid___A001_X35f5_X970/member.uid___A001_X35f5_X973/,group.uid___A001_X35f5_X970/member.uid___A001_X35f5_X971/,group.uid___A001_X35f5_X970/member.uid___A001_X35f5_X979/,science_goal.uid___A001_X35f5_X96f/,member.uid___A001_X35f5_X979/,
C124,group.uid___A001_X35f5_X970/member.uid___A001_X35f5_X973/,group.uid___A001_X35f5_X970/member.uid___A001_X35f5_X971/,group.uid___A001_X35f5_X970/member.uid___A001_X35f5_X979/,science_goal.uid___A001_X35f5_X96f/,member.uid___A001_X35f5_X979/,
C125,group.uid___A001_X35f5_X970/member.uid___A001_X35f5_X973/,group.uid___A001_X35f5_X970/member.uid___A001_X35f5_X971/,group.uid___A001_X35f5_X970/member.uid___A001_X35f5_X977/,science_goal.uid___A001_X35f5_X96f/,member.uid___A001_X35f5_X977/,
C126,group.uid___A001_X35f5_X97c/member.uid___A001_X35f5_X97f/,group.uid___A001_X35f5_X97c/member.uid___A001_X35f5_X97d/,group.uid___A001_X35f5_X97c/member.uid___A001_X35f5_X981/,science_goal.uid___A001_X35f5_X97b/,member.uid___A001_X35f5_X981/,
C127,group.uid___A001_X35f5_X97c/member.uid___A001_X35f5_X97f/,group.uid___A001_X35f5_X97c/member.uid___A001_X35f5_X97d/,group.uid___A001_X35f5_X97c/member.uid___A001_X35f5_X983/,science_goal.uid___A001_X35f5_X97b/,member.uid___A001_X35f5_X983/,
C128,group.uid___A001_X35f5_X97c/member.uid___A001_X35f5_X97f/,group.uid___A001_X35f5_X97c/member.uid___A001_X35f5_X97d/,group.uid___A001_X35f5_X97c/member.uid___A001_X35f5_X983/,science_goal.uid___A001_X35f5_X97b/,member.uid___A001_X35f5_X983/,
C129,group.uid___A001_X35f5_X97c/member.uid___A001_X35f5_X97f/,group.uid___A001_X35f5_X97c/member.uid___A001_X35f5_X97d/,group.uid___A001_X35f5_X97c/member.uid___A001_X35f5_X981/,science_goal.uid___A001_X35f5_X97b/,member.uid___A001_X35f5_X981/,
C130,group.uid___A001_X35f5_X97c/member.uid___A001_X35f5_X97f/,group.uid___A001_X35f5_X97c/member.uid___A001_X35f5_X97d/,group.uid___A001_X35f5_X97c/member.uid___A001_X35f5_X983/,science_goal.uid___A001_X35f5_X97b/,member.uid___A001_X35f5_X983/,
C131,group.uid___A001_X35f5_X97c/member.uid___A001_X35f5_X97f/,group.uid___A001_X35f5_X97c/member.uid___A001_X35f5_X97d/,group.uid___A001_X35f5_X97c/member.uid___A001_X35f5_X983/,science_goal.uid___A001_X35f5_X97b/,member.uid___A001_X35f5_X983/,
C132,group.uid___A001_X35f5_X97c/member.uid___A001_X35f5_X97f/,group.uid___A001_X35f5_X97c/member.uid___A001_X35f5_X97d/,group.uid___A001_X35f5_X97c/member.uid___A001_X35f5_X981/,science_goal.uid___A001_X35f5_X97b/,member.uid___A001_X35f5_X981/,
C133,group.uid___A001_X35f5_X97c/member.uid___A001_X35f5_X97f/,group.uid___A001_X35f5_X97c/member.uid___A001_X35f5_X97d/,group.uid___A001_X35f5_X97c/member.uid___A001_X35f5_X981/,science_goal.uid___A001_X35f5_X97b/,member.uid___A001_X35f5_X981/,
C134,group.uid___A001_X35f5_X97c/member.uid___A001_X35f5_X97f/,group.uid___A001_X35f5_X97c/member.uid___A001_X35f5_X97d/,group.uid___A001_X35f5_X97c/member.uid___A001_X35f5_X981/,science_goal.uid___A001_X35f5_X97b/,member.uid___A001_X35f5_X981/,
C135,group.uid___A001_X35f5_X97c/member.uid___A001_X35f5_X97f/,group.uid___A001_X35f5_X97c/member.uid___A001_X35f5_X97d/,group.uid___A001_X35f5_X97c/member.uid___A001_X35f5_X983/,science_goal.uid___A001_X35f5_X97b/,member.uid___A001_X35f5_X983/,
C136,group.uid___A001_X35f5_X97c/member.uid___A001_X35f5_X97f/,group.uid___A001_X35f5_X97c/member.uid___A001_X35f5_X97d/,group.uid___A001_X35f5_X97c/member.uid___A001_X35f5_X981/,science_goal.uid___A001_X35f5_X97b/,member.uid___A001_X35f5_X981/,